Date,Open,High,Low,Close,Adj Close,Volume
2/1/2018,10237.29981,10288.79981,8812.280273,9170.540039,9170.540039,9959400448
2/2/2018,9142.280273,9142.280273,7796.490234,8830.75,8830.75,12726899712
2/3/2018,8852.120117,9430.75,8251.629883,9174.910156,9174.910156,7263790080
2/4/2018,9175.700195,9334.870117,8031.220215,8277.009766,8277.009766,7073549824
2/5/2018,8270.540039,8364.839844,6756.680176,6955.27002,6955.27002,9285289984
2/6/2018,7051.75,7850.700195,6048.259766,7754,7754,13999800320
2/7/2018,7755.490234,8509.110352,7236.790039,7621.299805,7621.299805,9169280000
2/8/2018,7637.859863,8558.769531,7637.859863,8265.589844,8265.589844,9346750464
2/9/2018,8271.839844,8736.980469,7884.709961,8736.980469,8736.980469,6784820224
2/10/2018,8720.080078,9122.549805,8295.469727,8621.900391,8621.900391,7780960256
2/11/2018,8616.129883,8616.129883,7931.100098,8129.970215,8129.970215,6122189824
2/12/2018,8141.430176,8985.919922,8141.430176,8926.570313,8926.570313,6256439808
2/13/2018,8926.719727,8958.469727,8455.410156,8598.30957,8598.30957,5696719872
2/14/2018,8599.919922,9518.540039,8599.919922,9494.629883,9494.629883,7909819904
2/15/2018,9488.320313,10234.79981,9395.580078,10166.40039,10166.40039,9062540288
2/16/2018,10135.7002,10324.09961,9824.820313,10233.90039,10233.90039,7296159744
2/17/2018,10207.5,11139.5,10149.40039,11112.7002,11112.7002,8660880384
2/18/2018,11123.40039,11349.79981,10326,10551.79981,10551.79981,8744009728
2/19/2018,10552.59961,11273.79981,10513.2002,11225.29981,11225.29981,7652089856
2/20/2018,11231.79981,11958.5,11231.79981,11403.7002,11403.7002,9926540288
2/21/2018,11372.2002,11418.5,10479.09961,10690.40039,10690.40039,9405339648
2/22/2018,10660.40039,11039.09961,9939.089844,10005,10005,8040079872
2/23/2018,9937.070313,10487.29981,9734.55957,10301.09961,10301.09961,7739500032
2/24/2018,10287.7002,10597.2002,9546.969727,9813.070313,9813.070313,6917929984
2/25/2018,9796.419922,9923.219727,9407.05957,9664.730469,9664.730469,5706939904
2/26/2018,9669.429688,10475,9501.730469,10366.7002,10366.7002,7287690240
2/27/2018,10393.90039,10878.5,10246.09961,10725.59961,10725.59961,6966179840
2/28/2018,10687.2002,11089.79981,10393.09961,10397.90039,10397.90039,6936189952
3/1/2018,10385,11052.29981,10352.7002,10951,10951,7317279744
3/2/2018,10977.40039,11189,10850.09961,11086.40039,11086.40039,7620590080
3/3/2018,11101.90039,11528.2002,11002.40039,11489.7002,11489.7002,6690570240
3/4/2018,11497.40039,11512.59961,11136.09961,11512.59961,11512.59961,6084149760
3/5/2018,11532.40039,11704.09961,11443.90039,11573.29981,11573.29981,6468539904
3/6/2018,11500.09961,11500.09961,10694.29981,10779.90039,10779.90039,6832169984
3/7/2018,10803.90039,10929.5,9692.120117,9965.570313,9965.570313,8797910016
3/8/2018,9951.44043,10147.40039,9335.870117,9395.009766,9395.009766,7186089984
3/9/2018,9414.69043,9466.349609,8513.030273,9337.549805,9337.549805,8704190464
3/10/2018,9350.589844,9531.320313,8828.469727,8866,8866,5386319872
3/11/2018,8852.780273,9711.889648,8607.120117,9578.629883,9578.629883,6296370176
3/12/2018,9602.929688,9937.5,8956.429688,9205.120117,9205.120117,6457399808
3/13/2018,9173.040039,9470.379883,8958.19043,9194.849609,9194.849609,5991139840
3/14/2018,9214.650391,9355.849609,8068.589844,8269.80957,8269.80957,6438230016
3/15/2018,8290.759766,8428.349609,7783.049805,8300.860352,8300.860352,6834429952
3/16/2018,8322.910156,8585.150391,8005.310059,8338.349609,8338.349609,5289379840
3/17/2018,8321.910156,8346.530273,7812.819824,7916.879883,7916.879883,4426149888
3/18/2018,7890.52002,8245.509766,7397.990234,8223.679688,8223.679688,6639190016
3/19/2018,8344.120117,8675.870117,8182.399902,8630.650391,8630.650391,6729110016
3/20/2018,8619.669922,9051.019531,8389.889648,8913.469727,8913.469727,6361789952
3/21/2018,8937.480469,9177.370117,8846.330078,8929.280273,8929.280273,6043129856
3/22/2018,8939.44043,9100.709961,8564.900391,8728.469727,8728.469727,5530390016
3/23/2018,8736.25,8879.620117,8360.620117,8879.620117,8879.620117,5954120192
3/24/2018,8901.950195,8996.179688,8665.700195,8668.120117,8668.120117,5664600064
3/25/2018,8612.80957,8682.009766,8449.099609,8495.780273,8495.780273,4569880064
3/26/2018,8498.469727,8530.080078,7921.430176,8209.400391,8209.400391,5921039872
3/27/2018,8200,8232.780273,7797.279785,7833.040039,7833.040039,5378250240
3/28/2018,7836.830078,8122.890137,7809.169922,7954.47998,7954.47998,4935289856
3/29/2018,7979.069824,7994.330078,7081.379883,7165.700195,7165.700195,6361229824
3/30/2018,7171.450195,7276.660156,6683.930176,6890.52002,6890.52002,6289509888
3/31/2018,6892.47998,7207.850098,6863.52002,6973.529785,6973.529785,4553269760
4/1/2018,7003.060059,7060.950195,6526.870117,6844.22998,6844.22998,4532100096
4/2/2018,6844.859863,7135.470215,6816.580078,7083.799805,7083.799805,4333440000
4/3/2018,7102.259766,7530.939941,7072.490234,7456.109863,7456.109863,5499700224
4/4/2018,7456.410156,7469.879883,6803.879883,6853.839844,6853.839844,4936000000
4/5/2018,6848.649902,6933.819824,6644.799805,6811.470215,6811.470215,5639320064
4/6/2018,6815.959961,6857.490234,6575,6636.319824,6636.319824,3766810112
4/7/2018,6630.509766,7050.540039,6630.509766,6911.089844,6911.089844,3976610048
4/8/2018,6919.97998,7111.560059,6919.97998,7023.52002,7023.52002,3652499968
4/9/2018,7044.319824,7178.109863,6661.990234,6770.72998,6770.72998,4894060032
4/10/2018,6795.439941,6872.410156,6704.149902,6834.759766,6834.759766,4272750080
4/11/2018,6843.470215,6968.319824,6817.589844,6968.319824,6968.319824,4641889792
4/12/2018,6955.379883,7899.22998,6806.509766,7889.25,7889.25,8906250240
4/13/2018,7901.089844,8183.959961,7758.930176,7895.959961,7895.959961,7764460032
4/14/2018,7874.669922,8140.709961,7846,7986.240234,7986.240234,5191430144
4/15/2018,7999.330078,8338.419922,7999.330078,8329.110352,8329.110352,5244480000
4/16/2018,8337.570313,8371.150391,7925.72998,8058.669922,8058.669922,5631309824
4/17/2018,8071.660156,8285.959961,7881.720215,7902.089844,7902.089844,6900879872
4/18/2018,7944.430176,8197.799805,7886.009766,8163.419922,8163.419922,6529909760
4/19/2018,8159.27002,8298.69043,8138.779785,8294.30957,8294.30957,7063209984
4/20/2018,8286.879883,8880.230469,8244.540039,8845.830078,8845.830078,8438110208
4/21/2018,8848.790039,8997.570313,8652.150391,8895.580078,8895.580078,7548550144
4/22/2018,8925.05957,9001.639648,8779.610352,8802.459961,8802.459961,6629899776
4/23/2018,8794.389648,8958.549805,8788.80957,8930.879883,8930.879883,6925190144
4/24/2018,8934.339844,9732.610352,8927.830078,9697.5,9697.5,10678800384
4/25/2018,9701.030273,9745.320313,8799.839844,8845.740234,8845.740234,11083100160
4/26/2018,8867.320313,9281.509766,8727.089844,9281.509766,9281.509766,8970559488
4/27/2018,9290.629883,9375.469727,8987.049805,8987.049805,8987.049805,7566289920
4/28/2018,8939.269531,9412.089844,8931.990234,9348.480469,9348.480469,7805479936
4/29/2018,9346.410156,9531.490234,9193.709961,9419.080078,9419.080078,8853000192
4/30/2018,9426.110352,9477.139648,9166.80957,9240.549805,9240.549805,8673920000
5/1/2018,9251.469727,9255.879883,8891.049805,9119.009766,9119.009766,7713019904
5/2/2018,9104.599609,9256.519531,9015.139648,9235.919922,9235.919922,7558159872
5/3/2018,9233.969727,9798.330078,9188.150391,9743.860352,9743.860352,10207299584
5/4/2018,9695.5,9779.200195,9585.959961,9700.759766,9700.759766,8217829888
5/5/2018,9700.280273,9964.5,9695.120117,9858.150391,9858.150391,7651939840
5/6/2018,9845.30957,9940.139648,9465.25,9654.799805,9654.799805,7222280192
5/7/2018,9645.669922,9665.849609,9231.530273,9373.009766,9373.009766,7394019840
5/8/2018,9380.870117,9462.75,9127.769531,9234.820313,9234.820313,7415869952
5/9/2018,9223.730469,9374.759766,9031.620117,9325.179688,9325.179688,7226890240
5/10/2018,9325.959961,9396.040039,9040.519531,9043.94043,9043.94043,6906699776
5/11/2018,9052.959961,9052.959961,8394.459961,8441.490234,8441.490234,8488520192
5/12/2018,8441.44043,8664.860352,8223.5,8504.889648,8504.889648,6821380096
5/13/2018,8515.490234,8773.549805,8395.120117,8723.94043,8723.94043,5866379776
5/14/2018,8713.099609,8881.120117,8367.969727,8716.790039,8716.790039,7364149760
5/15/2018,8705.19043,8836.19043,8456.450195,8510.379883,8510.379883,6705710080
5/16/2018,8504.410156,8508.429688,8175.490234,8368.830078,8368.830078,6760220160
5/17/2018,8370.049805,8445.540039,8054.120117,8094.319824,8094.319824,5862530048
5/18/2018,8091.830078,8274.120117,7974.819824,8250.969727,8250.969727,5764190208
5/19/2018,8255.730469,8372.05957,8183.350098,8247.179688,8247.179688,4712399872
5/20/2018,8246.990234,8562.410156,8205.240234,8513.25,8513.25,5191059968
5/21/2018,8522.330078,8557.519531,8365.120117,8418.990234,8418.990234,5154990080
5/22/2018,8419.870117,8423.25,8004.580078,8041.779785,8041.779785,5137010176
5/23/2018,8037.080078,8054.660156,7507.879883,7557.819824,7557.819824,6491120128
5/24/2018,7561.120117,7738.600098,7331.140137,7587.339844,7587.339844,6049220096
5/25/2018,7592.299805,7659.140137,7392.649902,7480.140137,7480.140137,4867829760
5/26/2018,7486.47998,7595.160156,7349.120117,7355.879883,7355.879883,4051539968
5/27/2018,7362.080078,7381.740234,7270.959961,7368.220215,7368.220215,4056519936
5/28/2018,7371.310059,7419.049805,7100.890137,7135.990234,7135.990234,5040600064
5/29/2018,7129.459961,7526.419922,7090.680176,7472.589844,7472.589844,5662660096
5/30/2018,7469.72998,7573.77002,7313.600098,7406.52002,7406.52002,4922540032
5/31/2018,7406.149902,7608.899902,7361.129883,7494.169922,7494.169922,5127130112
6/1/2018,7500.700195,7604.72998,7407.339844,7541.450195,7541.450195,4921460224
6/2/2018,7536.720215,7695.830078,7497.259766,7643.450195,7643.450195,4939299840
6/3/2018,7632.089844,7754.890137,7613.040039,7720.25,7720.25,4851760128
6/4/2018,7722.529785,7753.819824,7474.040039,7514.470215,7514.470215,4993169920
6/5/2018,7500.899902,7643.22998,7397,7633.759766,7633.759766,4961739776
6/6/2018,7625.970215,7680.430176,7502.009766,7653.97998,7653.97998,4692259840
6/7/2018,7650.819824,7741.27002,7650.819824,7678.240234,7678.240234,4485799936
6/8/2018,7685.140137,7698.189941,7558.399902,7624.919922,7624.919922,4227579904
6/9/2018,7632.52002,7683.580078,7531.97998,7531.97998,7531.97998,3845220096
6/10/2018,7499.549805,7499.549805,6709.069824,6786.02002,6786.02002,5804839936
6/11/2018,6799.290039,6910.180176,6706.629883,6906.919922,6906.919922,4745269760
6/12/2018,6905.819824,6907.959961,6542.080078,6582.359863,6582.359863,4654380032
6/13/2018,6596.879883,6631.660156,6285.629883,6349.899902,6349.899902,5052349952
6/14/2018,6342.75,6707.140137,6334.459961,6675.350098,6675.350098,5138710016
6/15/2018,6674.080078,6681.080078,6433.870117,6456.580078,6456.580078,3955389952
6/16/2018,6455.450195,6592.490234,6402.290039,6550.160156,6550.160156,3194170112
6/17/2018,6545.529785,6589.109863,6499.27002,6499.27002,6499.27002,3104019968
6/18/2018,6510.069824,6781.140137,6446.680176,6734.819824,6734.819824,4039200000
6/19/2018,6742.390137,6822.5,6709.919922,6769.939941,6769.939941,4057029888
6/20/2018,6770.759766,6821.560059,6611.879883,6776.549805,6776.549805,3888640000
6/21/2018,6780.089844,6810.939941,6715.169922,6729.740234,6729.740234,3529129984
6/22/2018,6737.879883,6747.080078,6006.600098,6083.689941,6083.689941,5079810048
6/23/2018,6090.100098,6224.819824,6071.810059,6162.47998,6162.47998,3431360000
6/24/2018,6164.279785,6223.779785,5826.410156,6173.22998,6173.22998,4566909952
6/25/2018,6171.970215,6327.370117,6119.680176,6249.180176,6249.180176,5500810240
6/26/2018,6253.549805,6290.160156,6093.669922,6093.669922,6093.669922,3279759872
6/27/2018,6084.399902,6180,6052.850098,6157.129883,6157.129883,3296219904
6/28/2018,6153.160156,6170.410156,5873.049805,5903.439941,5903.439941,3467800064
6/29/2018,5898.129883,6261.660156,5835.75,6218.299805,6218.299805,3966230016
6/30/2018,6214.220215,6465.509766,6214.220215,6404,6404,4543860224
7/1/2018,6411.680176,6432.850098,6289.290039,6385.819824,6385.819824,4788259840
7/2/2018,6380.379883,6683.859863,6305.700195,6614.180176,6614.180176,4396930048
7/3/2018,6596.660156,6671.370117,6447.75,6529.589844,6529.589844,4672309760
7/4/2018,6550.870117,6771.919922,6450.459961,6597.549805,6597.549805,4176689920
7/5/2018,6599.709961,6749.540039,6546.649902,6639.140137,6639.140137,4999240192
7/6/2018,6638.689941,6700.939941,6533.549805,6673.5,6673.5,4313959936
7/7/2018,6668.709961,6863.990234,6579.240234,6856.930176,6856.930176,3961080064
7/8/2018,6857.799805,6885.910156,6747.97998,6773.879883,6773.879883,3386210048
7/9/2018,6775.080078,6838.680176,6724.339844,6741.75,6741.75,3718129920
7/10/2018,6739.209961,6767.740234,6320.720215,6329.950195,6329.950195,4052430080
7/11/2018,6330.77002,6444.959961,6330.470215,6394.709961,6394.709961,3644859904
7/12/2018,6396.779785,6397.100098,6136.419922,6228.810059,6228.810059,3770170112
7/13/2018,6235.029785,6310.549805,6192.240234,6238.049805,6238.049805,3805400064
7/14/2018,6247.5,6298.189941,6212.220215,6276.120117,6276.120117,2923670016
7/15/2018,6272.700195,6403.459961,6256.509766,6359.640137,6359.640137,3285459968
7/16/2018,6357.009766,6741.75,6357.009766,6741.75,6741.75,4725799936
7/17/2018,6739.649902,7387.240234,6684.169922,7321.040039,7321.040039,5961950208
7/18/2018,7315.319824,7534.990234,7280.470215,7370.779785,7370.779785,6103410176
7/19/2018,7378.200195,7494.459961,7295.459961,7466.859863,7466.859863,5111629824
7/20/2018,7467.399902,7594.669922,7323.259766,7354.129883,7354.129883,4936869888
7/21/2018,7352.720215,7437.640137,7262.410156,7419.290039,7419.290039,3726609920
7/22/2018,7417.799805,7537.950195,7383.819824,7418.490234,7418.490234,3695460096
7/23/2018,7414.709961,7771.5,7409.100098,7711.109863,7711.109863,5132480000
7/24/2018,7716.509766,8424.269531,7705.5,8424.269531,8424.269531,7277689856
7/25/2018,8379.660156,8416.870117,8086.359863,8181.390137,8181.390137,5845400064
7/26/2018,8176.850098,8290.330078,7878.709961,7951.580078,7951.580078,4899089920
7/27/2018,7950.399902,8262.660156,7839.759766,8165.009766,8165.009766,5195879936
7/28/2018,8169.060059,8222.849609,8110.77002,8192.150391,8192.150391,3988750080
7/29/2018,8205.820313,8272.259766,8141.180176,8218.459961,8218.459961,4107190016
7/30/2018,8221.580078,8235.5,7917.5,8180.47998,8180.47998,5551400000
7/31/2018,8181.200195,8181.529785,7696.930176,7780.439941,7780.439941,5287530000
8/1/2018,7769.040039,7769.040039,7504.950195,7624.910156,7624.910156,4797620000
8/2/2018,7634.189941,7712.77002,7523.439941,7567.149902,7567.149902,4214110000
8/3/2018,7562.140137,7562.140137,7328.649902,7434.390137,7434.390137,4627150000
8/4/2018,7438.669922,7497.490234,6984.069824,7032.850098,7032.850098,4268390000
8/5/2018,7031.080078,7102.77002,6940.700195,7068.47998,7068.47998,3679110000
8/6/2018,7062.939941,7166.549805,6890.540039,6951.799805,6951.799805,3925900000
8/7/2018,6958.319824,7146.560059,6748.240234,6753.120117,6753.120117,4682800000
8/8/2018,6746.850098,6746.850098,6226.220215,6305.799805,6305.799805,5064430000
8/9/2018,6305.560059,6625.72998,6249.069824,6568.22998,6568.22998,4267040000
8/10/2018,6571.419922,6591.259766,6124.52002,6184.709961,6184.709961,4528680000
8/11/2018,6185.790039,6455.740234,6109.029785,6295.72998,6295.72998,4047850000
8/12/2018,6283.649902,6409.850098,6237.5,6322.689941,6322.689941,5665250000
8/13/2018,6341.359863,6537.049805,6225.720215,6297.569824,6297.569824,4083980000
8/14/2018,6287.660156,6287.939941,5971.049805,6199.709961,6199.709961,5301700000
8/15/2018,6221.419922,6588.490234,6221.419922,6308.52002,6308.52002,4895450000
8/16/2018,6294.22998,6473.5,6276.410156,6334.72998,6334.72998,4328420000
8/17/2018,6340.910156,6582.5,6324.970215,6580.629883,6580.629883,4992990000
8/18/2018,6583.430176,6617.350098,6353.72998,6423.759766,6423.759766,3984520000
8/19/2018,6422.569824,6537.97998,6361.549805,6506.069824,6506.069824,3311170000
8/20/2018,6500.509766,6536.919922,6297.930176,6308.529785,6308.529785,3665100000
8/21/2018,6301.069824,6500.870117,6298.240234,6488.759766,6488.759766,3377180000
8/22/2018,6486.25,6816.790039,6310.109863,6376.709961,6376.709961,4668110000
8/23/2018,6371.339844,6546.540039,6371.339844,6534.879883,6534.879883,3426180000
8/24/2018,6551.52002,6719.959961,6498.640137,6719.959961,6719.959961,4097820000
8/25/2018,6719.950195,6789.629883,6700.959961,6763.189941,6763.189941,3312600000
8/26/2018,6754.640137,6774.75,6620.75,6707.259766,6707.259766,3295500000
8/27/2018,6710.799805,6884.640137,6689.709961,6884.640137,6884.640137,4019000000
8/28/2018,6891.080078,7109.560059,6882.339844,7096.279785,7096.279785,4659940000
8/29/2018,7091.709961,7113.299805,6970.819824,7047.160156,7047.160156,4145880000
8/30/2018,7043.759766,7072.689941,6834.689941,6978.22998,6978.22998,4463250000
8/31/2018,6973.970215,7057.169922,6920.160156,7037.580078,7037.580078,4495650000
9/1/2018,7044.810059,7242.290039,7038.049805,7193.25,7193.25,4116050000
9/2/2018,7189.580078,7306.310059,7132.160156,7272.720215,7272.720215,4329540000
9/3/2018,7279.029785,7317.939941,7208.149902,7260.060059,7260.060059,4087760000
9/4/2018,7263,7388.259766,7255.439941,7361.660156,7361.660156,4273640000
9/5/2018,7361.459961,7388.430176,6792.830078,6792.830078,6792.830078,5800460000
9/6/2018,6755.140137,6755.140137,6404.720215,6529.169922,6529.169922,5523470000
9/7/2018,6528.919922,6555.290039,6396.870117,6467.069824,6467.069824,4264680000
9/8/2018,6460.169922,6534.25,6197.52002,6225.97998,6225.97998,3835060000
9/9/2018,6223.379883,6446.259766,6201.220215,6300.859863,6300.859863,3671890000
9/10/2018,6301.569824,6374.97998,6292.759766,6329.700195,6329.700195,3714100000
9/11/2018,6331.879883,6398.919922,6260.209961,6321.200195,6321.200195,3849910000
9/12/2018,6317.009766,6363.870117,6265.089844,6351.799805,6351.799805,4064230000
9/13/2018,6354.240234,6535.410156,6354.240234,6517.310059,6517.310059,4210910000
9/14/2018,6515.410156,6596.100098,6456.169922,6512.709961,6512.709961,4076220000
9/15/2018,6509.399902,6561.720215,6493.549805,6543.200195,6543.200195,3216300000
9/16/2018,6536.680176,6544.330078,6460.100098,6517.180176,6517.180176,3273730000
9/17/2018,6514.060059,6540.209961,6257.52002,6281.200195,6281.200195,3910780000
9/18/2018,6280.910156,6384.180176,6265.709961,6371.299805,6371.299805,4180090000
9/19/2018,6371.850098,6448.459961,6208.339844,6398.540039,6398.540039,4431340000
9/20/2018,6398.850098,6529.259766,6395.950195,6519.669922,6519.669922,4348110000
9/21/2018,6513.870117,6794.330078,6496.359863,6734.950195,6734.950195,6531940000
9/22/2018,6735.049805,6814.560059,6616.799805,6721.97998,6721.97998,4509660000
9/23/2018,6715.319824,6766.149902,6679.419922,6710.629883,6710.629883,4197500000
9/24/2018,6704.77002,6713.560059,6580.899902,6595.410156,6595.410156,4177310000
9/25/2018,6603.640137,6603.640137,6381.859863,6446.470215,6446.470215,4726180000
9/26/2018,6452.790039,6585.910156,6397.890137,6495,6495,4437300000
9/27/2018,6495.290039,6712.100098,6464.950195,6676.75,6676.75,4606810000
9/28/2018,6678.75,6785.029785,6598.319824,6644.129883,6644.129883,5014430000
9/29/2018,6643.100098,6643.100098,6511.649902,6601.959961,6601.959961,4363690000
9/30/2018,6604.709961,6643.779785,6566.540039,6625.560059,6625.560059,4002280000
10/1/2018,6619.850098,6653.299805,6549.080078,6589.620117,6589.620117,4000970000
10/2/2018,6593.240234,6611.839844,6537.899902,6556.100098,6556.100098,3979260000
10/3/2018,6553.859863,6571.459961,6454.029785,6502.589844,6502.589844,3887310000
10/4/2018,6497.910156,6603.310059,6497.910156,6576.689941,6576.689941,3838410000
10/5/2018,6574.149902,6623.620117,6557.410156,6622.47998,6622.47998,3671500000
10/6/2018,6622.450195,6628.540039,6577.799805,6588.310059,6588.310059,3259740000
10/7/2018,6590.680176,6641.490234,6557.040039,6602.950195,6602.950195,3306630000
10/8/2018,6600.189941,6675.060059,6576.040039,6652.22998,6652.22998,3979460000
10/9/2018,6653.080078,6661.410156,6606.939941,6642.640137,6642.640137,3580810000
10/10/2018,6640.290039,6640.290039,6538.959961,6585.529785,6585.529785,3787650000
10/11/2018,6586.740234,6586.740234,6243.740234,6256.240234,6256.240234,5181640000
10/12/2018,6239.25,6328.5,6236.470215,6274.580078,6274.580078,3783500000
10/13/2018,6278.080078,6308.509766,6259.810059,6285.990234,6285.990234,3064030000
10/14/2018,6288.490234,6363.209961,6280.149902,6290.930176,6290.930176,3085320000
10/15/2018,6292.640137,6965.060059,6258.680176,6596.540039,6596.540039,7370770000
10/16/2018,6601.410156,6673.589844,6571.370117,6596.109863,6596.109863,4074800000
10/17/2018,6590.52002,6601.209961,6517.450195,6544.430176,6544.430176,4088420000
10/18/2018,6542.330078,6567.540039,6450.040039,6476.709961,6476.709961,3924080000
10/19/2018,6478.069824,6493.680176,6445.310059,6465.410156,6465.410156,3578870000
10/20/2018,6460.919922,6497.720215,6449,6489.189941,6489.189941,3379130000
10/21/2018,6490.089844,6556.379883,6476,6482.350098,6482.350098,3253610000
10/22/2018,6486.049805,6543.799805,6462.97998,6487.160156,6487.160156,3672860000
10/23/2018,6472.359863,6506.009766,6451.27002,6475.740234,6475.740234,3716150000
10/24/2018,6478.890137,6521.990234,6468.859863,6495.839844,6495.839844,3424670000
10/25/2018,6484.649902,6504.649902,6447.029785,6476.290039,6476.290039,3230550000
10/26/2018,6468.439941,6498.290039,6449.609863,6474.75,6474.75,3306050000
10/27/2018,6480.839844,6507.410156,6453.529785,6480.379883,6480.379883,3393250000
10/28/2018,6482.660156,6502.279785,6447.910156,6486.390137,6486.390137,3445190000
10/29/2018,6492.350098,6503.600098,6306.990234,6332.629883,6332.629883,4199910000
10/30/2018,6337.040039,6364.990234,6310.140137,6334.27002,6334.27002,3781100000
10/31/2018,6336.990234,6349.160156,6316.879883,6317.609863,6317.609863,4191240000
11/1/2018,6318.140137,6547.140137,6311.830078,6377.779785,6377.779785,3789400000
11/2/2018,6378.919922,6396.859863,6327.379883,6388.439941,6388.439941,4234870000
11/3/2018,6387.240234,6400.069824,6342.370117,6361.259766,6361.259766,3658640000
11/4/2018,6365.470215,6388.629883,6294.569824,6376.129883,6376.129883,4390020000
11/5/2018,6363.620117,6480.589844,6363.620117,6419.660156,6419.660156,4174800000
11/6/2018,6433.379883,6463.549805,6408.160156,6461.009766,6461.009766,4700040000
11/7/2018,6468.5,6552.160156,6468.310059,6530.140137,6530.140137,4941260000
11/8/2018,6522.27002,6536.919922,6438.529785,6453.720215,6453.720215,4665260000
11/9/2018,6442.600098,6456.459961,6373.370117,6385.620117,6385.620117,4346820000
11/10/2018,6386.129883,6437.279785,6385.310059,6409.220215,6409.220215,3705320000
11/11/2018,6413.629883,6423.25,6350.169922,6411.27002,6411.27002,3939060000
11/12/2018,6411.759766,6434.209961,6360.470215,6371.27002,6371.27002,4295770000
11/13/2018,6373.189941,6395.27002,6342.669922,6359.490234,6359.490234,4503800000
11/14/2018,6351.240234,6371.549805,5544.089844,5738.350098,5738.350098,7398940000
11/15/2018,5736.149902,5774.819824,5358.379883,5648.029785,5648.029785,7032140000
11/16/2018,5645.319824,5657.02002,5498.939941,5575.549805,5575.549805,5279320000
11/17/2018,5578.580078,5578.580078,5519.560059,5554.330078,5554.330078,4303150000
11/18/2018,5559.740234,5653.609863,5559.740234,5623.540039,5623.540039,4159680000
11/19/2018,5620.779785,5620.779785,4842.910156,4871.490234,4871.490234,7039560000
11/20/2018,4863.930176,4951.609863,4272.109863,4451.870117,4451.870117,8428290000
11/21/2018,4465.540039,4675.72998,4343.97998,4602.169922,4602.169922,6120120000
11/22/2018,4611.569824,4629.640137,4365.640137,4365.939941,4365.939941,4569370000
11/23/2018,4360.700195,4396.419922,4195.680176,4347.109863,4347.109863,4871490000
11/24/2018,4347.689941,4413.089844,3795.159912,3880.76001,3880.76001,4679500000
11/25/2018,3880.780029,4120.870117,3585.060059,4009.969971,4009.969971,6825640000
11/26/2018,4015.070068,4107.140137,3643.919922,3779.129883,3779.129883,6476900000
11/27/2018,3765.949951,3862.959961,3661.01001,3820.719971,3820.719971,5998720000
11/28/2018,3822.469971,4385.899902,3822.469971,4257.419922,4257.419922,7280280000
11/29/2018,4269.004395,4413.020508,4145.765137,4278.84668,4278.84668,6503347767
11/30/2018,4289.088867,4322.976563,3942.822021,4017.268555,4017.268555,6048016716
12/1/2018,4024.464355,4309.377441,3969.710693,4214.671875,4214.671875,5375314093
12/2/2018,4200.733398,4301.519531,4110.978516,4139.87793,4139.87793,5262697895
12/3/2018,4147.32373,4155.979492,3840.446289,3894.130859,3894.130859,5089570993
12/4/2018,3886.294922,4075.627686,3832.75,3956.893799,3956.893799,5028069239
12/5/2018,3958.894775,3969.535889,3753.994873,3753.994873,3753.994873,5302481573
12/6/2018,3754.074463,3874.966064,3521.101807,3521.101807,3521.101807,5878333109
12/7/2018,3512.590332,3512.590332,3280.22876,3419.937256,3419.937256,6835615448
12/8/2018,3421.9104,3506.043457,3350.650635,3476.114746,3476.114746,5305024497
12/9/2018,3473.227539,3685.305664,3469.094238,3614.234375,3614.234375,4947372847
12/10/2018,3612.046387,3647.33252,3470.144531,3502.656006,3502.656006,5020968740
12/11/2018,3497.554688,3513.185059,3392.25,3424.588135,3424.588135,4696765187
12/12/2018,3421.458252,3534.228516,3413.481445,3486.950195,3486.950195,4139364828
12/13/2018,3487.879395,3489.739502,3298.13208,3313.677246,3313.677246,4343372456
12/14/2018,3311.751953,3329.555908,3206.542236,3242.484863,3242.484863,4372763663
12/15/2018,3243.997559,3275.37793,3191.303467,3236.761719,3236.761719,3551763561
12/16/2018,3236.274658,3305.753174,3233.819824,3252.839111,3252.839111,3744248994
12/17/2018,3253.123047,3597.917969,3253.123047,3545.864746,3545.864746,5409247918
12/18/2018,3544.761475,3701.349365,3487.169189,3696.059082,3696.059082,5911325472
12/19/2018,3706.824951,3949.322998,3687.22998,3745.950684,3745.950684,6810689118
12/20/2018,3742.195068,4191.228516,3728.974609,4134.441406,4134.441406,8927129279
12/21/2018,4133.703613,4198.429688,3850.946289,3896.543701,3896.543701,7206015706
12/22/2018,3898.08374,4014.182617,3855.739014,4014.182617,4014.182617,5605823232
12/23/2018,4020.994629,4085.723633,3976.405762,3998.980225,3998.980225,6151275489
12/24/2018,4000.331787,4271.79248,4000.331787,4078.599121,4078.599121,7240968501
12/25/2018,4081.030518,4089.561523,3760.020508,3815.490723,3815.490723,6158207293
12/26/2018,3819.666748,3893.359619,3769.86377,3857.297607,3857.297607,5326547918
12/27/2018,3854.688477,3874.416992,3645.448486,3654.833496,3654.833496,5130222366
12/28/2018,3653.131836,3956.135986,3642.63208,3923.918701,3923.918701,5631554348
12/29/2018,3932.491699,3963.758789,3820.408691,3820.408691,3820.408691,4991655917
12/30/2018,3822.384766,3901.908936,3797.219238,3865.952637,3865.952637,4770578574
12/31/2018,3866.839111,3868.74292,3725.867432,3742.700439,3742.700439,4661840806
1/1/2019,3746.713379,3850.913818,3707.231201,3843.52002,3843.52002,4324200990
1/2/2019,3849.216309,3947.981201,3817.409424,3943.409424,3943.409424,5244856835
1/3/2019,3931.048584,3935.685059,3826.2229,3836.741211,3836.741211,4530215218
1/4/2019,3832.040039,3865.93457,3783.85376,3857.717529,3857.717529,4847965467
1/5/2019,3851.973877,3904.903076,3836.900146,3845.19458,3845.19458,5137609823
1/6/2019,3836.519043,4093.297363,3826.513184,4076.632568,4076.632568,5597027439
1/7/2019,4078.584961,4092.613525,4020.894043,4025.248291,4025.248291,5228625637
1/8/2019,4028.472168,4109.020996,3996.955322,4030.8479,4030.8479,5306593305
1/9/2019,4031.552002,4068.403564,4022.662842,4035.296387,4035.296387,5115905224
1/10/2019,4034.411377,4064.06665,3659.174561,3678.924561,3678.924561,6874143795
1/11/2019,3674.015381,3713.881836,3653.069824,3687.365479,3687.365479,5538712864
1/12/2019,3686.973145,3698.978271,3653.810791,3661.301025,3661.301025,4778170882
1/13/2019,3658.868164,3674.76001,3544.927246,3552.953125,3552.953125,4681302465
1/14/2019,3557.311035,3727.836182,3552.285156,3706.052246,3706.052246,5651384489
1/15/2019,3704.216309,3720.15332,3619.949219,3630.675293,3630.675293,5537192301
1/16/2019,3631.509766,3685.7771,3624.67334,3655.006836,3655.006836,5394457144
1/17/2019,3651.871094,3680.135986,3621.960938,3678.563965,3678.563965,5464420383
1/18/2019,3677.990479,3682.52002,3637.080811,3657.839355,3657.839355,5002961726
1/19/2019,3652.37793,3758.533447,3652.37793,3728.568359,3728.568359,5955691379
1/20/2019,3725.446045,3743.387939,3583.019531,3601.013672,3601.013672,5582489559
1/21/2019,3600.372803,3608.84082,3558.537109,3576.032471,3576.032471,5004347059
1/22/2019,3575.081299,3620.746582,3539.721436,3604.577148,3604.577148,5313623556
1/23/2019,3605.557129,3623.067871,3565.313965,3585.123047,3585.123047,5433755648
1/24/2019,3584.500244,3616.087402,3569.092773,3600.865479,3600.865479,5262869046
1/25/2019,3607.390381,3612.927734,3575.597412,3599.765869,3599.765869,5265847538
1/26/2019,3599.715332,3654.933105,3593.345947,3602.460449,3602.460449,5098183234
1/27/2019,3604.687256,3612.671387,3567.24585,3583.96582,3583.96582,5570752966
1/28/2019,3584.283203,3586.750977,3439.23291,3470.450439,3470.450439,6908930483
1/29/2019,3468.870117,3476.06543,3400.819824,3448.116943,3448.116943,5897159492
1/30/2019,3443.896973,3495.174805,3429.387939,3486.181641,3486.181641,5955112626
1/31/2019,3485.40918,3504.804932,3447.915771,3457.792725,3457.792725,5831198270
2/1/2019,3460.547119,3501.954102,3431.591553,3487.945313,3487.945313,5422926707
2/2/2019,3484.625977,3523.287354,3467.574707,3521.060791,3521.060791,5071623600
2/3/2019,3516.139648,3521.388184,3447.924316,3464.013428,3464.013428,5043937583
2/4/2019,3467.21167,3476.223877,3442.586914,3459.154053,3459.154053,5332718886
2/5/2019,3454.950928,3478.148193,3451.937012,3466.357422,3466.357422,5227549544
2/6/2019,3469.091797,3469.091797,3398.56543,3413.767822,3413.767822,5482196037
2/7/2019,3414.929443,3427.945557,3394.218506,3399.47168,3399.47168,5004962682
2/8/2019,3401.376465,3695.614014,3391.023682,3666.780273,3666.780273,7735623101
2/9/2019,3671.585938,3679.941406,3646.559326,3671.203613,3671.203613,6158833644
2/10/2019,3673.201416,3695.036133,3640.97998,3690.188232,3690.188232,6282256902
2/11/2019,3695.613037,3695.613037,3642.287842,3648.430664,3648.430664,6277056433
2/12/2019,3642.751953,3668.586914,3618.556885,3653.528564,3653.528564,6480384531
2/13/2019,3653.604004,3669.746582,3617.246338,3632.070557,3632.070557,6438903822
2/14/2019,3631.170166,3646.256592,3607.697754,3616.880859,3616.880859,6271044417
2/15/2019,3617.368408,3647.795166,3608.206543,3620.810791,3620.810791,6091952230
2/16/2019,3615.270264,3652.841309,3615.270264,3629.787598,3629.787598,5934744051
2/17/2019,3633.359375,3680.537354,3619.182129,3673.836182,3673.836182,7039512502
2/18/2019,3671.369873,3936.665039,3669.982422,3915.714355,3915.714355,9908216640
2/19/2019,3911.661621,4010.879395,3908.153076,3947.094482,3947.094482,9933626654
2/20/2019,3946.685059,4000.486328,3926.246826,3999.820557,3999.820557,8693373948
2/21/2019,4000.256836,4010.009521,3940.108154,3954.118164,3954.118164,7775128102
2/22/2019,3952.406494,4006.53833,3950.816406,4005.526611,4005.526611,7826525254
2/23/2019,3998.91626,4166.286133,3968.726807,4142.526855,4142.526855,8922258315
2/24/2019,4145.458008,4210.641602,3793.708984,3810.42749,3810.42749,10794227451
2/25/2019,3807.002441,3913.707275,3807.002441,3882.696289,3882.696289,9318796066
2/26/2019,3878.697266,3891.578857,3837.986328,3854.35791,3854.35791,7931218996
2/27/2019,3857.479736,3888.80249,3787.058838,3851.047363,3851.047363,8301309684
2/28/2019,3848.261963,3906.05835,3845.821289,3854.7854,3854.7854,8399767798
3/1/2019,3853.75708,3907.79541,3851.692383,3859.58374,3859.58374,7661247975
3/2/2019,3855.318115,3874.607422,3832.12793,3864.415039,3864.415039,7578786075
3/3/2019,3862.266113,3875.483643,3836.905762,3847.175781,3847.175781,7253558152
3/4/2019,3845.091553,3867.381836,3733.749756,3761.557129,3761.557129,9029175787
3/5/2019,3759.83252,3903.916748,3745.183105,3896.375,3896.375,10174126414
3/6/2019,3897.081055,3919.510498,3871.460693,3903.942627,3903.942627,9175291528
3/7/2019,3903.384766,3939.373291,3894.113037,3911.484375,3911.484375,9584165518
3/8/2019,3913.22583,3950.432129,3875.228516,3901.131592,3901.131592,10638638944
3/9/2019,3894.55249,3987.237793,3892.390381,3963.313721,3963.313721,10796103518
3/10/2019,3966.174316,3966.174316,3924.381104,3951.599854,3951.599854,9713267606
3/11/2019,3953.740234,3966.384766,3889.239014,3905.227295,3905.227295,10125901902
3/12/2019,3903.758301,3926.88916,3863.559082,3909.15625,3909.15625,9809887079
3/13/2019,3913.047363,3926.597656,3891.904297,3906.717285,3906.717285,9469184841
3/14/2019,3905.576904,3946.504395,3901.296875,3924.369141,3924.369141,10480789569
3/15/2019,3926.66333,3968.542969,3914.015381,3960.911133,3960.911133,9394210604
3/16/2019,3963.900146,4077.036377,3961.657471,4048.72583,4048.72583,9856166973
3/17/2019,4047.719482,4054.12207,4006.411133,4025.229004,4025.229004,8221625399
3/18/2019,4029.968506,4071.556641,4009.117188,4032.507324,4032.507324,9646954186
3/19/2019,4032.691895,4082.216064,4023.8125,4071.190186,4071.190186,9344919956
3/20/2019,4070.793945,4089.461914,4031.11084,4087.476318,4087.476318,10175916388
3/21/2019,4083.953857,4097.359863,4005.151367,4029.326904,4029.326904,10831212661
3/22/2019,4028.514648,4053.906738,4021.54248,4023.968262,4023.968262,9252935969
3/23/2019,4022.713379,4049.882568,4015.9646,4035.826416,4035.826416,9578850549
3/24/2019,4035.163574,4040.699707,4006.192871,4022.168213,4022.168213,9144851064
3/25/2019,4024.112793,4038.84082,3934.03125,3963.070557,3963.070557,10359818882
3/26/2019,3969.22876,3985.080811,3944.753174,3985.080811,3985.080811,10707678814
3/27/2019,3984.244873,4087.066162,3977.810547,4087.066162,4087.066162,10897131934
3/28/2019,4087.584473,4094.9021,4040.266357,4069.107178,4069.107178,9353915899
3/29/2019,4068.299805,4113.500977,4034.097168,4098.374512,4098.374512,10918665556
3/30/2019,4092.13623,4296.806641,4053.909668,4106.660156,4106.660156,9732688060
3/31/2019,4105.456055,4113.023438,4094.10083,4105.404297,4105.404297,9045122442
4/1/2019,4105.362305,4164.953125,4096.901367,4158.183105,4158.183105,10157794170
4/2/2019,4156.919434,4905.95459,4155.316895,4879.87793,4879.87793,21315047816
4/3/2019,4879.958008,5307.003418,4876.621094,4973.021973,4973.021973,22899891582
4/4/2019,4971.307617,5063.159668,4836.793945,4922.798828,4922.798828,18251810239
4/5/2019,4922.806152,5053.509766,4919.491699,5036.681152,5036.681152,16837325387
4/6/2019,5036.792969,5205.821777,4992.222168,5059.817383,5059.817383,16929795193
4/7/2019,5062.793945,5235.186523,5050.412109,5198.896973,5198.896973,16655416140
4/8/2019,5199.835449,5318.836426,5148.211914,5289.770996,5289.770996,17154113634
4/9/2019,5289.917969,5289.917969,5167.418945,5204.958496,5204.958496,14722104361
4/10/2019,5204.105469,5421.651367,5193.382324,5324.551758,5324.551758,15504590933
4/11/2019,5325.081543,5354.225586,5017.296387,5064.487793,5064.487793,16555616019
4/12/2019,5061.200684,5103.274414,4955.852539,5089.539063,5089.539063,13675206312
4/13/2019,5088.850098,5127.12207,5061.589355,5096.586426,5096.586426,10823289598
4/14/2019,5095.758789,5184.016113,5053.568359,5167.722168,5167.722168,10391952498
4/15/2019,5167.321777,5196.606934,5024.069336,5067.108398,5067.108398,12290155060
4/16/2019,5066.577637,5238.945313,5055.194824,5235.55957,5235.55957,11618660197
4/17/2019,5236.135254,5274.275391,5219.205566,5251.937988,5251.937988,12438480676
4/18/2019,5251.480469,5319.986328,5250.506836,5298.385742,5298.385742,13256489918
4/19/2019,5298.154297,5336.680176,5233.335449,5303.8125,5303.8125,13780238655
4/20/2019,5304.160645,5358.490723,5295.87793,5337.88623,5337.88623,13169647522
4/21/2019,5335.878906,5359.924805,5257.339355,5314.53125,5314.53125,13731844222
4/22/2019,5312.494629,5422.6875,5280.276855,5399.365234,5399.365234,14601631647
4/23/2019,5399.365723,5633.802246,5389.408691,5572.361816,5572.361816,15867308107
4/24/2019,5571.508301,5642.044434,5418.263184,5464.866699,5464.866699,17048033399
4/25/2019,5466.524414,5542.238281,5181.338867,5210.515625,5210.515625,15330283408
4/26/2019,5210.304688,5383.634277,5177.368652,5279.348145,5279.348145,16812108039
4/27/2019,5279.471191,5310.75,5233.635742,5268.291016,5268.291016,13111274675
4/28/2019,5271.746582,5326.231934,5255.683594,5285.13916,5285.13916,12819992055
4/29/2019,5284.858398,5311.274902,5216.487793,5247.352539,5247.352539,13735490672
4/30/2019,5247.726074,5363.257324,5224.189941,5350.726563,5350.726563,13878964573
5/1/2019,5350.914551,5418.003906,5347.645996,5402.697266,5402.697266,13679528236
5/2/2019,5402.422852,5522.262695,5394.217285,5505.283691,5505.283691,14644460907
5/3/2019,5505.552246,5865.881836,5490.20166,5768.289551,5768.289551,18720780005
5/4/2019,5769.202637,5886.893555,5645.469238,5831.16748,5831.16748,17567780765
5/5/2019,5831.068359,5833.862793,5708.035156,5795.708496,5795.708496,14808830722
5/6/2019,5791.693359,5802.95752,5653.6875,5746.807129,5746.807129,15737171804
5/7/2019,5745.599121,5988.178223,5741.395996,5829.501465,5829.501465,18026409032
5/8/2019,5849.481445,5989.980957,5794.71582,5982.45752,5982.45752,15320605299
5/9/2019,5982.316406,6183.039063,5982.316406,6174.528809,6174.528809,16784645410
5/10/2019,6175.822754,6434.617676,6161.519043,6378.849121,6378.849121,19419875367
5/11/2019,6379.666992,7333.00293,6375.69873,7204.771484,7204.771484,28867562329
5/12/2019,7203.507324,7503.87207,6815.770996,6972.371582,6972.371582,27773333679
5/13/2019,6971.178223,8047.413086,6898.282227,7814.915039,7814.915039,28677672181
5/14/2019,7807.884277,8268.712891,7696.391113,7994.416016,7994.416016,32031452226
5/15/2019,7989.374512,8216.423828,7899.106934,8205.167969,8205.167969,28344112919
5/16/2019,8194.500977,8320.824219,7729.608398,7884.90918,7884.90918,33167197581
5/17/2019,7886.925781,7929.145508,7038.124512,7343.895508,7343.895508,30066644905
5/18/2019,7341.664551,7447.271973,7251.504395,7271.208008,7271.208008,21354286561
5/19/2019,7267.962891,8261.941406,7267.962891,8197.689453,8197.689453,25902422039
5/20/2019,8196.923828,8200.967773,7678.781738,7978.309082,7978.309082,23843404339
5/21/2019,7977.969238,8062.167969,7843.339844,7963.327637,7963.327637,25127245056
5/22/2019,7956.291992,7997.612305,7615.987305,7680.066406,7680.066406,24719473174
5/23/2019,7677.269043,7943.791504,7533.196777,7881.84668,7881.84668,24457107820
5/24/2019,7881.695313,8140.719727,7824.44873,7987.371582,7987.371582,25919126990
5/25/2019,7991.885254,8117.925781,7965.976074,8052.543945,8052.543945,22256813106
5/26/2019,8055.206055,8687.520508,7924.67041,8673.21582,8673.21582,26677970091
5/27/2019,8674.072266,8907.174805,8668.705078,8805.77832,8805.77832,27949839563
5/28/2019,8802.757813,8807.016602,8634.72168,8719.961914,8719.961914,24226919266
5/29/2019,8718.591797,8755.852539,8482.728516,8659.487305,8659.487305,23473479966
5/30/2019,8661.760742,9008.314453,8221.273438,8319.472656,8319.472656,29246528551
5/31/2019,8320.286133,8586.65918,8172.550781,8574.501953,8574.501953,25365190957
6/1/2019,8573.839844,8625.600586,8481.578125,8564.016602,8564.016602,22488303543
6/2/2019,8565.473633,8809.303711,8561.235352,8742.958008,8742.958008,20266216022
6/3/2019,8741.74707,8743.5,8204.185547,8208.995117,8208.995117,22004511436
6/4/2019,8210.985352,8210.985352,7564.48877,7707.770996,7707.770996,24609731548
6/5/2019,7704.343262,7901.849121,7668.668457,7824.231445,7824.231445,21760923463
6/6/2019,7819.633301,7937.34082,7571.471191,7822.023438,7822.023438,19474611077
6/7/2019,7826.901367,8126.15332,7788.373535,8043.951172,8043.951172,19141423230
6/8/2019,8036.774902,8076.891113,7837.61084,7954.12793,7954.12793,16522722809
6/9/2019,7949.674805,7975.974121,7583.219727,7688.077148,7688.077148,16610726547
6/10/2019,7692.284668,8031.909668,7586.730957,8000.32959,8000.32959,18689275117
6/11/2019,8004.243652,8026.394043,7772.803711,7927.714355,7927.714355,17107279931
6/12/2019,7925.434082,8196.648438,7862.359863,8145.857422,8145.857422,19034432883
6/13/2019,8145.54541,8311.567383,8087.061035,8230.923828,8230.923828,18669407147
6/14/2019,8230.898438,8710.636719,8183.393066,8693.833008,8693.833008,19831162905
6/15/2019,8689.746094,8859.12793,8618.395508,8838.375,8838.375,18371033226
6/16/2019,8841.44043,9335.867188,8814.556641,8994.488281,8994.488281,23348550310
6/17/2019,8988.923828,9416.407227,8988.923828,9320.352539,9320.352539,15562951918
6/18/2019,9335.466797,9348.374023,9004.901367,9081.762695,9081.762695,15848210535
6/19/2019,9078.727539,9299.621094,9070.395508,9273.521484,9273.521484,15546809946
6/20/2019,9273.060547,9594.419922,9232.484375,9527.160156,9527.160156,17846823783
6/21/2019,9525.074219,10144.55664,9525.074219,10144.55664,10144.55664,20624008643
6/22/2019,10175.92383,11157.3457,10107.03516,10701.69141,10701.69141,29995204860
6/23/2019,10696.69141,11246.14453,10556.0957,10855.37109,10855.37109,20998326501
6/24/2019,10853.74414,11065.89648,10610.42773,11011.10254,11011.10254,19271652364
6/25/2019,11007.20215,11790.91699,11007.20215,11790.91699,11790.91699,24879684533
6/26/2019,11778.58106,13796.48926,11755.59766,13016.23145,13016.23145,45105733173
6/27/2019,13017.125,13311.14453,10491.85254,11182.80664,11182.80664,39977475222
6/28/2019,11162.16797,12445.17481,10914.49512,12407.33203,12407.33203,35087757765
6/29/2019,12400.76367,12400.91016,11508.37891,11959.37109,11959.37109,29923961127
6/30/2019,11931.99121,12178.38379,10799.00879,10817.15527,10817.15527,27256473494
7/1/2019,10796.93066,11206.43945,10089.31445,10583.13477,10583.13477,29378589324
7/2/2019,10588.68359,10912.18848,9737.884766,10801.67773,10801.67773,31015895222
7/3/2019,10818.15625,11968.07813,10818.15625,11961.26953,11961.26953,30796494293
7/4/2019,11972.71875,12006.0752,11166.56934,11215.4375,11215.4375,25920294033
7/5/2019,11203.10254,11395.66113,10874.96484,10978.45996,10978.45996,23838480210
7/6/2019,10982.54395,11620.96484,10982.54395,11208.55078,11208.55078,21092024306
7/7/2019,11217.61621,11541.62012,11148.80469,11450.84668,11450.84668,19369044276
7/8/2019,11446.59668,12345.83301,11393.37402,12285.95801,12285.95801,23482551458
7/9/2019,12284.32617,12779.13184,12233.26172,12573.8125,12573.8125,28167921522
7/10/2019,12571.53711,13129.5293,11710.97852,12156.5127,12156.5127,33627574244
7/11/2019,12139.71387,12144.62305,11158.92285,11358.66211,11358.66211,28595327690
7/12/2019,11354.29981,11905.48731,11179.14453,11815.98633,11815.98633,23534692796
7/13/2019,11813.12695,11841.95703,10908.47949,11392.37891,11392.37891,21042616383
7/14/2019,11381.02051,11451.2041,10234.57617,10256.05859,10256.05859,22486000001
7/15/2019,10257.83887,11052.7666,9992.006836,10895.08984,10895.08984,25384047206
7/16/2019,10896.65332,10996.63281,9448.106445,9477.641602,9477.641602,24151199069
7/17/2019,9471.213867,9963.134766,9163.134766,9693.802734,9693.802734,24569921548
7/18/2019,9698.50293,10736.84277,9376.798828,10666.48242,10666.48242,25187024648
7/19/2019,10653.95606,10716.98047,10229.62891,10530.73242,10530.73242,20727426309
7/20/2019,10525.81934,11048.66211,10451.27637,10767.13965,10767.13965,20206615154
7/21/2019,10777.5293,10841.8877,10389.59961,10599.10547,10599.10547,17130580467
7/22/2019,10596.94824,10651.79102,10154.92188,10343.10645,10343.10645,16334414913
7/23/2019,10346.74805,10346.74805,9883.594727,9900.767578,9900.767578,17851916994
7/24/2019,9887.730469,9908.796875,9614.306641,9811.925781,9811.925781,17398734321
7/25/2019,9809.09668,10154.25391,9773.957031,9911.841797,9911.841797,15821952090
7/26/2019,9913.126953,9916.517578,9717.982422,9870.303711,9870.303711,14495714483
7/27/2019,9871.165039,10167.32031,9411.521484,9477.677734,9477.677734,16817809536
7/28/2019,9491.626953,9575.544922,9252.296875,9552.860352,9552.860352,13738687092
7/29/2019,9548.178711,9681.648438,9472.948242,9519.145508,9519.145508,13791445323
7/30/2019,9522.329102,9701.759766,9437.335938,9607.423828,9607.423828,13829811132
7/31/2019,9604.050781,10085.62793,9598.097656,10085.62793,10085.62793,16631520647
8/1/2019,10077.44238,10446.91992,9922.019531,10399.66895,10399.66895,17165337857
8/2/2019,10402.04297,10657.95313,10371.01367,10518.17481,10518.17481,17489094081
8/3/2019,10519.27832,10946.78125,10503.50488,10821.72656,10821.72656,15352685060
8/4/2019,10821.63281,11009.20703,10620.27832,10970.18457,10970.18457,16530894786
8/5/2019,10960.73535,11895.0918,10960.73535,11805.65332,11805.65332,23875988832
8/6/2019,11811.54492,12273.82129,11290.73145,11478.16895,11478.16895,23635107659
8/7/2019,11476.19336,12036.99023,11433.70117,11941.96875,11941.96875,22194988641
8/8/2019,11954.04004,11979.41992,11556.16797,11966.40723,11966.40723,19481591729
8/9/2019,11953.46973,11970.45801,11709.74512,11862.93652,11862.93652,18339989959
8/10/2019,11861.55664,11915.65527,11323.89844,11354.02441,11354.02441,18125355447
8/11/2019,11349.74023,11523.5791,11248.29492,11523.5791,11523.5791,15774371517
8/12/2019,11528.18945,11528.18945,11320.95117,11382.61621,11382.61621,13647198229
8/13/2019,11385.05273,11420.04981,10830.32715,10895.83008,10895.83008,16681503536
8/14/2019,10889.48731,10889.55664,10028.13574,10051.7041,10051.7041,19990838299
8/15/2019,10038.42188,10437.41113,9675.316406,10311.5459,10311.5459,22899115082
8/16/2019,10319.41992,10524.34961,9855.478516,10374.33887,10374.33887,20228207096
8/17/2019,10358.72266,10452.625,10086.69824,10231.74414,10231.74414,13778035685
8/18/2019,10233.00586,10487.07031,10119.09473,10345.81055,10345.81055,12999813869
8/19/2019,10350.2832,10916.05371,10313.2041,10916.05371,10916.05371,16038264603
8/20/2019,10916.34668,10947.04199,10618.96094,10763.23242,10763.23242,15053082175
8/21/2019,10764.57227,10798.72949,9962.72168,10138.04981,10138.04981,19473084767
8/22/2019,10142.52148,10232.99609,9831.462891,10131.05566,10131.05566,17097508856
8/23/2019,10136.30957,10442.44336,10078.19238,10407.96484,10407.96484,15627023886
8/24/2019,10407.64453,10418.02051,9982.296875,10159.96094,10159.96094,15451030650
8/25/2019,10160.73731,10304.62207,10008.78906,10138.51758,10138.51758,14153856609
8/26/2019,10126.29981,10512.32813,10126.29981,10370.82031,10370.82031,18438654079
8/27/2019,10372.82617,10381.32813,10087.30078,10185.5,10185.5,14762609502
8/28/2019,10203.42676,10279.36621,9716.65625,9754.422852,9754.422852,17603790323
8/29/2019,9756.786133,9756.786133,9421.629883,9510.200195,9510.200195,17045878500
8/30/2019,9514.844727,9656.124023,9428.302734,9598.173828,9598.173828,13595263986
8/31/2019,9597.539063,9673.220703,9531.799805,9630.664063,9630.664063,11454806419
9/1/2019,9630.592773,9796.755859,9582.944336,9757.970703,9757.970703,11445355859
9/2/2019,9757.473633,10396.5918,9730.650391,10346.76074,10346.76074,17248102293
9/3/2019,10345.72559,10736.10449,10308.54785,10623.54004,10623.54004,19384917988
9/4/2019,10621.18066,10762.64453,10434.70996,10594.49316,10594.49316,16742664768
9/5/2019,10588.18359,10627.26953,10516.41797,10575.5332,10575.5332,14551239507
9/6/2019,10578.19824,10898.76172,10292.29981,10353.30273,10353.30273,19536574782
9/7/2019,10353.93164,10558.67383,10348.91895,10517.25488,10517.25488,15307366476
9/8/2019,10518.11426,10595.6377,10409.09082,10441.27637,10441.27637,13670567492
9/9/2019,10443.22852,10450.31152,10144.92969,10334.97461,10334.97461,17595943367
9/10/2019,10336.4082,10394.35352,10020.57324,10115.97559,10115.97559,14906809639
9/11/2019,10123.03516,10215.94824,9980.776367,10178.37207,10178.37207,15428063426
9/12/2019,10176.81934,10442.25391,10099.24219,10410.12695,10410.12695,15323563925
9/13/2019,10415.36231,10441.48926,10226.59668,10360.54688,10360.54688,14109864674
9/14/2019,10345.40332,10422.13379,10291.69434,10358.04883,10358.04883,13468713124
9/15/2019,10356.46582,10387.03516,10313.09277,10347.71289,10347.71289,12043433567
9/16/2019,10347.22266,10386.86719,10189.74414,10276.79395,10276.79395,15160167778
9/17/2019,10281.51367,10296.77148,10199.73926,10241.27246,10241.27246,15304603363
9/18/2019,10247.7959,10275.92871,10191.46973,10198.24805,10198.24805,16169268880
9/19/2019,10200.49609,10295.66895,9851.692383,10266.41504,10266.41504,19937691247
9/20/2019,10266.31836,10285.87207,10132.18652,10181.6416,10181.6416,14734189639
9/21/2019,10183.64844,10188.09766,10000.70801,10019.7168,10019.7168,13425266806
9/22/2019,10024.11523,10074.44434,9922.533203,10070.39258,10070.39258,13199651698
9/23/2019,10067.96289,10074.23828,9727.143555,9729.324219,9729.324219,15144925408
9/24/2019,9729.321289,9804.317383,8370.801758,8620.566406,8620.566406,25002886688
9/25/2019,8603.428711,8744.828125,8325.396484,8486.993164,8486.993164,21744728352
9/26/2019,8487.669922,8515.685547,7895.629395,8118.967773,8118.967773,19258205289
9/27/2019,8113.101074,8271.520508,7965.922852,8251.845703,8251.845703,16408941155
9/28/2019,8251.273438,8285.617188,8125.431641,8245.915039,8245.915039,14141152736
9/29/2019,8246.037109,8261.707031,7990.49707,8104.185547,8104.185547,13034629108
9/30/2019,8104.226563,8314.231445,7830.758789,8293.868164,8293.868164,17115474183
10/1/2019,8299.720703,8497.692383,8232.679688,8343.276367,8343.276367,15305343412
10/2/2019,8344.212891,8393.041992,8227.695313,8393.041992,8393.041992,13125712442
10/3/2019,8390.774414,8414.227539,8146.437012,8259.992188,8259.992188,13668823409
10/4/2019,8259.494141,8260.055664,8151.236816,8205.939453,8205.939453,13139456229
10/5/2019,8210.149414,8215.526367,8071.120605,8151.500488,8151.500488,12200497197
10/6/2019,8149.876953,8161.410156,7958.850586,7988.155762,7988.155762,13160830305
10/7/2019,7989.120605,8308.450195,7905.766113,8245.623047,8245.623047,18009742607
10/8/2019,8246.849609,8332.714844,8185.763184,8228.783203,8228.783203,15592264032
10/9/2019,8229.84082,8627.706055,8169.298828,8595.740234,8595.740234,19384942333
10/10/2019,8585.280273,8625.272461,8471.933594,8586.473633,8586.473633,17618660671
10/11/2019,8585.262695,8721.780273,8316.181641,8321.756836,8321.756836,19604381101
10/12/2019,8315.665039,8415.242188,8313.34082,8336.555664,8336.555664,14532641604
10/13/2019,8336.902344,8470.988281,8276.612305,8321.005859,8321.005859,13808286058
10/14/2019,8320.832031,8390.208984,8284.130859,8374.686523,8374.686523,15151387859
10/15/2019,8373.458008,8410.714844,8182.706543,8205.369141,8205.369141,15220412631
10/16/2019,8204.674805,8216.8125,7985.089844,8047.526855,8047.526855,16071646995
10/17/2019,8047.8125,8134.831543,8000.942871,8103.911133,8103.911133,14313052244
10/18/2019,8100.933594,8138.413574,7902.164063,7973.20752,7973.20752,15651592610
10/19/2019,7973.803711,8082.629395,7944.776855,7988.560547,7988.560547,13797825640
10/20/2019,7997.807129,8281.818359,7949.439453,8222.078125,8222.078125,15504249442
10/21/2019,8225.115234,8296.694336,8196.416016,8243.720703,8243.720703,15868748865
10/22/2019,8243.402344,8296.651367,8074.462891,8078.203125,8078.203125,16803377856
10/23/2019,8076.228516,8092.999512,7469.322754,7514.671875,7514.671875,21942878957
10/24/2019,7509.728027,7532.867676,7446.98877,7493.48877,7493.48877,16268708848
10/25/2019,7490.703125,8691.540039,7479.984375,8660.700195,8660.700195,28705065488
10/26/2019,8667.577148,10021.74414,8662.62207,9244.972656,9244.972656,44496255608
10/27/2019,9241.707031,9749.529297,9112.541992,9551.714844,9551.714844,32593129500
10/28/2019,9565.101563,9805.118164,9256.148438,9256.148438,9256.148438,30948255331
10/29/2019,9248.44043,9516.180664,9232.648438,9427.6875,9427.6875,28426779937
10/30/2019,9422.462891,9426.874023,9085.370117,9205.726563,9205.726563,27706531577
10/31/2019,9202.458008,9383.161133,9028.717773,9199.584961,9199.584961,26583653946
11/1/2019,9193.992188,9275.657227,9132.047852,9261.104492,9261.104492,24324691031
11/2/2019,9259.783203,9377.486328,9249.587891,9324.717773,9324.717773,21242676385
11/3/2019,9324.787109,9379.806641,9141.251953,9235.354492,9235.354492,21132220847
11/4/2019,9235.607422,9505.051758,9191.485352,9412.612305,9412.612305,26170255634
11/5/2019,9413.004883,9457.417969,9256.931641,9342.527344,9342.527344,26198609047
11/6/2019,9340.864258,9423.237305,9305.90918,9360.879883,9360.879883,23133895764
11/7/2019,9352.393555,9368.476563,9202.353516,9267.561523,9267.561523,22700383838
11/8/2019,9265.368164,9272.759766,8775.53418,8804.880859,8804.880859,24333037836
11/9/2019,8809.46875,8891.818359,8793.163086,8813.582031,8813.582031,17578630605
11/10/2019,8812.489258,9103.826172,8806.162109,9055.526367,9055.526367,20587919881
11/11/2019,9056.917969,9081.279297,8700.608398,8757.788086,8757.788086,20265510765
11/12/2019,8759.751953,8853.768555,8685.427734,8815.662109,8815.662109,20309769107
11/13/2019,8812.033203,8836.841797,8761.651367,8808.262695,8808.262695,17545755404
11/14/2019,8811.936523,8826.943359,8692.551758,8708.094727,8708.094727,19084739974
11/15/2019,8705.708008,8730.873047,8484.84375,8491.992188,8491.992188,21796856471
11/16/2019,8491.166016,8591.99707,8473.973633,8550.760742,8550.760742,16495389808
11/17/2019,8549.470703,8727.789063,8500.967773,8577.975586,8577.975586,18668638896
11/18/2019,8573.980469,8653.280273,8273.573242,8309.286133,8309.286133,21579470673
11/19/2019,8305.134766,8408.516602,8099.963379,8206.145508,8206.145508,21083613815
11/20/2019,8203.613281,8237.240234,8010.511719,8027.268066,8027.268066,20764300436
11/21/2019,8023.644531,8110.098145,7597.381836,7642.75,7642.75,22514243371
11/22/2019,7643.569336,7697.382813,6936.706543,7296.577637,7296.577637,34242315784
11/23/2019,7296.164551,7442.258789,7151.417969,7397.796875,7397.796875,21008924417
11/24/2019,7398.633789,7408.577148,7029.289063,7047.916992,7047.916992,30433517289
11/25/2019,7039.977051,7319.856934,6617.166992,7146.133789,7146.133789,42685231261
11/26/2019,7145.15918,7320.230469,7098.572266,7218.371094,7218.371094,21129505542
11/27/2019,7220.880859,7619.693359,6974.174316,7531.663574,7531.663574,23991412764
11/28/2019,7536.820313,7730.072754,7454.121582,7463.105957,7463.105957,19050116751
11/29/2019,7466.727051,7781.179688,7460.756348,7761.243652,7761.243652,19709695455
11/30/2019,7764.057129,7836.102051,7515.849609,7569.629883,7569.629883,17158194786
12/1/2019,7571.616211,7571.616211,7291.341797,7424.29248,7424.29248,18720708479
12/2/2019,7424.036133,7474.818848,7233.399414,7321.988281,7321.988281,17082040705
12/3/2019,7323.975586,7418.858887,7229.356934,7320.145508,7320.145508,14797485769
12/4/2019,7320.125,7539.784668,7170.922852,7252.034668,7252.034668,21664240918
12/5/2019,7253.241699,7743.431641,7232.676758,7448.307617,7448.307617,18816085231
12/6/2019,7450.561523,7546.996582,7392.175293,7546.996582,7546.996582,18104466306
12/7/2019,7547.265625,7589.95166,7525.711426,7556.237793,7556.237793,15453520564
12/8/2019,7551.338867,7634.606445,7476.091309,7564.345215,7564.345215,15409908086
12/9/2019,7561.79541,7618.091797,7365.985352,7400.899414,7400.899414,17872021272
12/10/2019,7397.134277,7424.022949,7246.043945,7278.119629,7278.119629,18249031194
12/11/2019,7277.197754,7324.15625,7195.527344,7217.427246,7217.427246,16350490689
12/12/2019,7216.73877,7266.639648,7164.741211,7243.134277,7243.134277,18927080224
12/13/2019,7244.662109,7293.560547,7227.122559,7269.68457,7269.68457,17125736940
12/14/2019,7268.902832,7308.836426,7097.208984,7124.673828,7124.673828,17137029729
12/15/2019,7124.239746,7181.075684,6924.375977,7152.301758,7152.301758,16881129804
12/16/2019,7153.663086,7171.168945,6903.682617,6932.480469,6932.480469,20213265949
12/17/2019,6931.31543,6964.075195,6587.974121,6640.515137,6640.515137,22363804217
12/18/2019,6647.698242,7324.984863,6540.049316,7276.802734,7276.802734,31836522778
12/19/2019,7277.59082,7346.602539,7041.381836,7202.844238,7202.844238,25904604415
12/20/2019,7208.636719,7257.921875,7086.124023,7218.816406,7218.816406,22633815180
12/21/2019,7220.59375,7223.226074,7112.73584,7191.158691,7191.158691,19312552168
12/22/2019,7191.188477,7518.033203,7167.179199,7511.588867,7511.588867,23134537956
12/23/2019,7508.902344,7656.17627,7326.192383,7355.628418,7355.628418,27831788041
12/24/2019,7354.393066,7535.716797,7269.528809,7322.532227,7322.532227,22991622105
12/25/2019,7325.755859,7357.02002,7220.991211,7275.155762,7275.155762,21559505148
12/26/2019,7274.799316,7388.302734,7200.386719,7238.966797,7238.966797,22787010034
12/27/2019,7238.141113,7363.529297,7189.934082,7290.088379,7290.088379,22777360995
12/28/2019,7289.03125,7399.041016,7286.905273,7317.990234,7317.990234,21365673026
12/29/2019,7317.647461,7513.948242,7279.865234,7422.652832,7422.652832,22445257701
12/30/2019,7420.272949,7454.824219,7276.308105,7292.995117,7292.995117,22874131671
12/31/2019,7294.438965,7335.290039,7169.777832,7193.599121,7193.599121,21167946112
1/1/2020,7194.89209,7254.330566,7174.944336,7200.174316,7200.174316,18565664996
1/2/2020,7202.55127,7212.155273,6935.27002,6985.470215,6985.470215,20802083465
1/3/2020,6984.428711,7413.715332,6914.996094,7344.884277,7344.884277,28111481031
1/4/2020,7345.375488,7427.385742,7309.51416,7410.656738,7410.656738,18444271274
1/5/2020,7410.45166,7544.49707,7400.535645,7411.317383,7411.317383,19725074094
1/6/2020,7410.452148,7781.867188,7409.292969,7769.219238,7769.219238,23276261598
1/7/2020,7768.682129,8178.21582,7768.227539,8163.692383,8163.692383,28767291326
1/8/2020,8161.935547,8396.738281,7956.774414,8079.862793,8079.862793,31672559264
1/9/2020,8082.295898,8082.295898,7842.403809,7879.071289,7879.071289,24045990465
1/10/2020,7878.307617,8166.554199,7726.774902,8166.554199,8166.554199,28714583843
1/11/2020,8162.190918,8218.359375,8029.64209,8037.537598,8037.537598,25521165085
1/12/2020,8033.261719,8200.063477,8009.059082,8192.494141,8192.494141,22903438381
1/13/2020,8189.771973,8197.788086,8079.700684,8144.194336,8144.194336,22482910687
1/14/2020,8140.933105,8879.511719,8140.933105,8827.764648,8827.764648,44841784107
1/15/2020,8825.34375,8890.117188,8657.1875,8807.010742,8807.010742,40102834649
1/16/2020,8812.481445,8846.460938,8612.095703,8723.786133,8723.786133,31313981930
1/17/2020,8725.209961,8958.12207,8677.316406,8929.038086,8929.038086,36372139320
1/18/2020,8927.211914,9012.198242,8827.332031,8942.808594,8942.808594,32337772626
1/19/2020,8941.445313,9164.362305,8620.080078,8706.245117,8706.245117,34217320471
1/20/2020,8704.631836,8745.59082,8560.473633,8657.642578,8657.642578,26422375678
1/21/2020,8658.991211,8755.706055,8544.520508,8745.894531,8745.894531,24097418512
1/22/2020,8744.210938,8792.994141,8636.74707,8680.875977,8680.875977,22600204050
1/23/2020,8680.650391,8687.74707,8333.637695,8406.515625,8406.515625,25770680778
1/24/2020,8405.567383,8514.666992,8266.84082,8445.43457,8445.43457,24397913025
1/25/2020,8440.119141,8458.453125,8296.21875,8367.847656,8367.847656,19647331548
1/26/2020,8364.410156,8602.401367,8325.498047,8596.830078,8596.830078,22177678795
1/27/2020,8597.308594,8977.726563,8597.308594,8909.819336,8909.819336,28647338393
1/28/2020,8912.524414,9358.589844,8908.447266,9358.589844,9358.589844,34398744402
1/29/2020,9357.470703,9406.431641,9269.467773,9316.629883,9316.629883,30682598115
1/30/2020,9316.016602,9553.125977,9230.897461,9508.993164,9508.993164,32378792850
1/31/2020,9508.313477,9521.706055,9230.776367,9350.529297,9350.529297,29432489719
2/1/2020,9346.357422,9439.323242,9313.239258,9392.875,9392.875,25922656496
2/2/2020,9389.820313,9468.797852,9217.824219,9344.365234,9344.365234,30835736946
2/3/2020,9344.683594,9540.37207,9248.633789,9293.521484,9293.521484,30934096508
2/4/2020,9292.841797,9331.265625,9112.811523,9180.962891,9180.962891,29893183716
2/5/2020,9183.416016,9701.299805,9163.704102,9613.423828,9613.423828,35222060874
2/6/2020,9617.821289,9824.619141,9539.818359,9729.801758,9729.801758,37628823715
2/7/2020,9726.00293,9834.716797,9726.00293,9795.943359,9795.943359,34522718159
2/8/2020,9793.070313,9876.749023,9678.910156,9865.119141,9865.119141,35172043761
2/9/2020,9863.894531,10129.43555,9850.392578,10116.67383,10116.67383,35807884663
2/10/2020,10115.55957,10165.76563,9784.563477,9856.611328,9856.611328,39386548074
2/11/2020,9855.891602,10210.05273,9729.334961,10208.23633,10208.23633,37648059388
2/12/2020,10202.3877,10393.61133,10202.3877,10326.05469,10326.05469,43444303830
2/13/2020,10323.96094,10457.62695,10116.16113,10214.37988,10214.37988,49356071372
2/14/2020,10211.55078,10321.99609,10125.53418,10312.11621,10312.11621,43338264161
2/15/2020,10313.85645,10341.55566,9874.427734,9889.424805,9889.424805,43865054831
2/16/2020,9889.179688,10053.96875,9722.386719,9934.433594,9934.433594,43374780305
2/17/2020,9936.560547,9938.81543,9507.637695,9690.142578,9690.142578,45998298412
2/18/2020,9691.230469,10161.93555,9632.382813,10141.99609,10141.99609,47271023953
2/19/2020,10143.79883,10191.67578,9611.223633,9633.386719,9633.386719,46992019709
2/20/2020,9629.325195,9643.216797,9507.900391,9608.475586,9608.475586,44925260236
2/21/2020,9611.782227,9723.014648,9589.743164,9686.441406,9686.441406,40930547512
2/22/2020,9687.707031,9698.231445,9600.728516,9663.181641,9663.181641,35838025154
2/23/2020,9663.318359,9937.404297,9657.791016,9924.515625,9924.515625,41185185761
2/24/2020,9921.583008,9951.746094,9537.042969,9650.174805,9650.174805,45080496648
2/25/2020,9651.3125,9652.737305,9305.021484,9341.705078,9341.705078,42515259129
2/26/2020,9338.290039,9354.77832,8704.426758,8820.522461,8820.522461,50420050761
2/27/2020,8825.09375,8932.892578,8577.199219,8784.494141,8784.494141,45470195695
2/28/2020,8788.728516,8890.456055,8492.932617,8672.455078,8672.455078,44605450442
2/29/2020,8671.212891,8775.631836,8599.508789,8599.508789,8599.508789,35792392544
3/1/2020,8599.758789,8726.796875,8471.212891,8562.454102,8562.454102,35349164300
3/2/2020,8563.264648,8921.308594,8532.630859,8869.669922,8869.669922,42857674408
3/3/2020,8865.387695,8901.598633,8704.990234,8787.786133,8787.786133,42386715820
3/4/2020,8788.541992,8843.366211,8712.431641,8755.246094,8755.246094,34746706368
3/5/2020,8760.285156,9142.054688,8757.253906,9078.762695,9078.762695,39698054597
3/6/2020,9078.308594,9167.695313,9032.079102,9122.545898,9122.545898,40826885650
3/7/2020,9121.600586,9163.220703,8890.744141,8909.954102,8909.954102,36216930369
3/8/2020,8908.206055,8914.34375,8105.25293,8108.116211,8108.116211,39973102120
3/9/2020,8111.146484,8177.793457,7690.098145,7923.644531,7923.644531,46936995808
3/10/2020,7922.146973,8136.945313,7814.763184,7909.729492,7909.729492,42213940993
3/11/2020,7910.089844,7950.814453,7642.8125,7911.430176,7911.430176,38682762604
3/12/2020,7913.616211,7929.116211,4860.354004,4970.788086,4970.788086,53980357243
3/13/2020,5017.831055,5838.114746,4106.980957,5563.707031,5563.707031,74156772074
3/14/2020,5573.077637,5625.226563,5125.069336,5200.366211,5200.366211,36154506007
3/15/2020,5201.066895,5836.64502,5169.283203,5392.314941,5392.314941,33997889638
3/16/2020,5385.229492,5385.229492,4575.35791,5014.47998,5014.47998,45368026429
3/17/2020,5002.578125,5371.348633,4981.90918,5225.629395,5225.629395,38622642935
3/18/2020,5227.11377,5331.833984,5069.335938,5238.438477,5238.438477,37878801016
3/19/2020,5245.416504,6329.73584,5236.96875,6191.192871,6191.192871,51000731797
3/20/2020,6191.653809,6844.261719,5865.781738,6198.77832,6198.77832,54442976102
3/21/2020,6206.521484,6378.135254,5932.823242,6185.066406,6185.066406,42494390879
3/22/2020,6185.558105,6359.697266,5823.713867,5830.254883,5830.254883,40099664740
3/23/2020,5831.374512,6443.93457,5785.004395,6416.314941,6416.314941,46491915999
3/24/2020,6436.642578,6789.022949,6411.066406,6734.803711,6734.803711,48221910672
3/25/2020,6738.716797,6892.51123,6536.92627,6681.062988,6681.062988,44590107887
3/26/2020,6675.170898,6735.463867,6590.962891,6716.44043,6716.44043,35319797641
3/27/2020,6719.38916,6793.836426,6466.70166,6469.79834,6469.79834,34585598366
3/28/2020,6467.253906,6467.500977,6117.837891,6242.193848,6242.193848,34885225901
3/29/2020,6245.624512,6250.467285,5920.085938,5922.042969,5922.042969,28373690930
3/30/2020,5925.538574,6517.195801,5903.234375,6429.841797,6429.841797,37101651525
3/31/2020,6430.606445,6504.515137,6374.162109,6438.644531,6438.644531,32786468812
4/1/2020,6437.319336,6612.57373,6202.373535,6606.776367,6606.776367,40346426265
4/2/2020,6606.776367,7088.247559,6595.918457,6793.624512,6793.624512,47660646124
4/3/2020,6797.396484,7003.220703,6673.335938,6733.387207,6733.387207,38976504902
4/4/2020,6738.382813,6878.953613,6696.484863,6867.527344,6867.527344,33185988583
4/5/2020,6862.537598,6883.414063,6715.929199,6791.129395,6791.129395,29510409856
4/6/2020,6788.049805,7271.78125,6782.889648,7271.78125,7271.78125,46896904614
4/7/2020,7273.644043,7427.939453,7136.714355,7176.414551,7176.414551,44243482667
4/8/2020,7179.283203,7356.223633,7153.305664,7334.098633,7334.098633,37563249548
4/9/2020,7337.966309,7341.448242,7179.094238,7302.089355,7302.089355,34815139177
4/10/2020,7303.81543,7303.81543,6802.475098,6865.493164,6865.493164,43622840991
4/11/2020,6867.44043,6926.069824,6789.920898,6859.083008,6859.083008,31222085946
4/12/2020,6858.067871,7119.947266,6811.078125,6971.091797,6971.091797,35759567632
4/13/2020,6965.616699,6965.616699,6668.259766,6845.037598,6845.037598,38619308647
4/14/2020,6843.281738,6958.557129,6793.821289,6842.427734,6842.427734,34110434051
4/15/2020,6845.561523,6928.664551,6633.402832,6642.109863,6642.109863,32288311030
4/16/2020,6640.454102,7134.450684,6555.504395,7116.804199,7116.804199,46783242376
4/17/2020,7116.552734,7167.183105,7050.332031,7096.18457,7096.18457,32513423567
4/18/2020,7092.291504,7269.956543,7089.24707,7257.665039,7257.665039,32447188385
4/19/2020,7260.922363,7280.521973,7167.054688,7189.424805,7189.424805,31311210215
4/20/2020,7186.873535,7240.290527,6835.50293,6881.958496,6881.958496,37747113935
4/21/2020,6879.78418,6934.551758,6834.442383,6880.323242,6880.323242,32589741510
4/22/2020,6879.44043,7145.865723,6867.781738,7117.20752,7117.20752,33249153865
4/23/2020,7121.306152,7491.785156,7081.594727,7429.724609,7429.724609,43500782316
4/24/2020,7434.181641,7574.195801,7434.181641,7550.900879,7550.900879,34636526285
4/25/2020,7550.48291,7641.36377,7521.672363,7569.936035,7569.936035,32941541446
4/26/2020,7570.13916,7700.594238,7561.407715,7679.867188,7679.867188,33070154490
4/27/2020,7679.418945,7795.601074,7679.418945,7795.601074,7795.601074,36162144724
4/28/2020,7796.970215,7814.527344,7730.806641,7807.058594,7807.058594,33187959920
4/29/2020,7806.712402,8871.753906,7786.049316,8801.038086,8801.038086,60201052202
4/30/2020,8797.669922,9440.650391,8533.255859,8658.553711,8658.553711,66964629541
5/1/2020,8672.782227,9048.023438,8667.763672,8864.766602,8864.766602,44068389996
5/2/2020,8869.057617,9007.1875,8811.366211,8988.59668,8988.59668,40134388683
5/3/2020,8983.614258,9167.78125,8830.97168,8897.46875,8897.46875,47101785174
5/4/2020,8895.745117,8956.90625,8645.024414,8912.654297,8912.654297,45718796275
5/5/2020,8912.832031,9062.415039,8856.827148,9003.070313,9003.070313,43148462663
5/6/2020,9007.441406,9411.467773,8966.706055,9268.761719,9268.761719,49371886931
5/7/2020,9261.895508,9992.664063,9138.322266,9951.518555,9951.518555,61112700562
5/8/2020,9936.162109,9996.743164,9767.172852,9842.666016,9842.666016,51780748041
5/9/2020,9840.90625,9913.863281,9580.644531,9593.896484,9593.896484,46566121841
5/10/2020,9591.168945,9595.581055,8395.107422,8756.430664,8756.430664,63325279336
5/11/2020,8755.535156,9033.470703,8374.323242,8601.795898,8601.795898,57119858801
5/12/2020,8610.385742,8949.898438,8569.643555,8804.477539,8804.477539,42142717533
5/13/2020,8805.387695,9317.878906,8805.387695,9269.987305,9269.987305,45558144023
5/14/2020,9271.329102,9793.268555,9255.035156,9733.72168,9733.72168,56426907637
5/15/2020,9734.291016,9755.828125,9261.398438,9328.197266,9328.197266,48158802327
5/16/2020,9333.240234,9564.205078,9260.694336,9377.013672,9377.013672,36164766407
5/17/2020,9374.929688,9823.001953,9349.545898,9670.739258,9670.739258,40084250662
5/18/2020,9675.695313,9906.030273,9570.359375,9726.575195,9726.575195,41827139895
5/19/2020,9727.063477,9836.047852,9539.624023,9729.038086,9729.038086,39254288954
5/20/2020,9725.329102,9804.793945,9447.201172,9522.981445,9522.981445,36546239702
5/21/2020,9522.740234,9555.242188,8869.930664,9081.761719,9081.761719,39326160532
5/22/2020,9080.334961,9232.936523,9008.638672,9182.577148,9182.577148,29810773699
5/23/2020,9185.0625,9302.501953,9118.108398,9209.287109,9209.287109,27727866811
5/24/2020,9212.283203,9288.404297,8787.250977,8790.368164,8790.368164,32518803299
5/25/2020,8786.107422,8951.005859,8719.667969,8906.93457,8906.93457,31288157264
5/26/2020,8909.585938,8991.967773,8757.293945,8835.052734,8835.052734,29584186947
5/27/2020,8837.380859,9203.320313,8834.157227,9181.017578,9181.017578,32740536902
5/28/2020,9184.945313,9546.319336,9148.457031,9525.750977,9525.750977,34367073114
5/29/2020,9528.355469,9573.666992,9379.338867,9439.124023,9439.124023,32896642044
5/30/2020,9438.914063,9704.030273,9366.729492,9700.414063,9700.414063,32722975141
5/31/2020,9700.105469,9700.34375,9432.296875,9461.058594,9461.058594,27773290298
6/1/2020,9463.605469,10199.56543,9450.899414,10167.26856,10167.26856,35198901068
6/2/2020,10162.97363,10182.34082,9460.571289,9529.803711,9529.803711,39137252108
6/3/2020,9533.760742,9682.859375,9471.84668,9656.717773,9656.717773,25007459262
6/4/2020,9655.854492,9887.610352,9525.24707,9800.636719,9800.636719,25921805071
6/5/2020,9800.21582,9869.237305,9663.216797,9665.533203,9665.533203,23509628646
6/6/2020,9664.904297,9773.431641,9591.024414,9653.679688,9653.679688,20438419222
6/7/2020,9653.00293,9768.498047,9458.150391,9758.852539,9758.852539,25015250845
6/8/2020,9760.063477,9782.306641,9675.885742,9771.489258,9771.489258,21486346311
6/9/2020,9774.360352,9836.369141,9664.719727,9795.700195,9795.700195,23717842782
6/10/2020,9794.119141,9908.896484,9728.291016,9870.094727,9870.094727,25706567600
6/11/2020,9870.078125,9938.297852,9263.069336,9321.78125,9321.78125,30247143440
6/12/2020,9320.69043,9540.46582,9285.851563,9480.84375,9480.84375,22610564515
6/13/2020,9480.735352,9493.211914,9396.009766,9475.277344,9475.277344,17564322315
6/14/2020,9477.553711,9482.270508,9347.59375,9386.788086,9386.788086,18991732745
6/15/2020,9386.035156,9504.860352,8990.175781,9450.702148,9450.702148,26699704768
6/16/2020,9454.266602,9579.430664,9400.445313,9538.024414,9538.024414,21565537208
6/17/2020,9533.78418,9540.422852,9327.339844,9480.254883,9480.254883,20177709879
6/18/2020,9481.567383,9482.782227,9328.395508,9411.84082,9411.84082,17770083002
6/19/2020,9410.293945,9440.875977,9274.295898,9288.018555,9288.018555,19632223107
6/20/2020,9290.959961,9394.97168,9247.379883,9332.34082,9332.34082,17130541557
6/21/2020,9330.926758,9401.107422,9300.430664,9303.629883,9303.629883,15324301168
6/22/2020,9300.915039,9655.073242,9296.87207,9648.717773,9648.717773,21104009513
6/23/2020,9644.076172,9670.541016,9547.24707,9629.658203,9629.658203,17006433272
6/24/2020,9632.149414,9680.367188,9278.233398,9313.610352,9313.610352,18961716075
6/25/2020,9314.126953,9340.161133,9095.324219,9264.813477,9264.813477,18616048626
6/26/2020,9260.995117,9310.516602,9101.738281,9162.917969,9162.917969,18341465836
6/27/2020,9167.824219,9207.810547,8998.216797,9045.390625,9045.390625,17273093144
6/28/2020,9048.460938,9197.546875,8975.525391,9143.582031,9143.582031,14560870760
6/29/2020,9140.029297,9237.573242,9041.875977,9190.854492,9190.854492,16460547078
6/30/2020,9185.581055,9217.835938,9084.837891,9137.993164,9137.993164,15735797743
7/1/2020,9145.985352,9309.754883,9104.735352,9228.325195,9228.325195,15971550355
7/2/2020,9231.139648,9274.962891,9036.623047,9123.410156,9123.410156,16338916796
7/3/2020,9124.842773,9202.344727,9058.794922,9087.303711,9087.303711,13078970998
7/4/2020,9084.233398,9183.295898,9053.629883,9132.488281,9132.488281,12290528515
7/5/2020,9126.09082,9162.183594,8977.015625,9073.942383,9073.942383,12903406143
7/6/2020,9072.849609,9375.474609,9058.664063,9375.474609,9375.474609,17889263251
7/7/2020,9349.161133,9360.617188,9201.81543,9252.277344,9252.277344,13839652594
7/8/2020,9253.020508,9450.335938,9249.5,9428.333008,9428.333008,19702359882
7/9/2020,9427.994141,9431.378906,9234.999023,9277.967773,9277.967773,18000702524
7/10/2020,9273.357422,9287.47168,9118.001953,9278.807617,9278.807617,16860035604
7/11/2020,9277.511719,9293.532227,9199.485352,9240.34668,9240.34668,13249910444
7/12/2020,9241.054688,9319.418945,9197.450195,9276.5,9276.5,14452361906
7/13/2020,9277.205078,9306.405273,9224.292969,9243.614258,9243.614258,17519821266
7/14/2020,9238.703125,9283.841797,9171.661133,9243.213867,9243.213867,18085038362
7/15/2020,9241.897461,9275.325195,9171.933594,9192.836914,9192.836914,15844731575
7/16/2020,9191.980469,9214.3125,9088.947266,9132.227539,9132.227539,15713967522
7/17/2020,9131.8125,9182.253906,9089.202148,9151.392578,9151.392578,13944570749
7/18/2020,9151.183594,9230.983398,9100.824219,9159.040039,9159.040039,12252601474
7/19/2020,9158.005859,9201.398438,9097.632813,9185.817383,9185.817383,12939002784
7/20/2020,9187.220703,9214.270508,9137.509766,9164.231445,9164.231445,13755604145
7/21/2020,9162.514648,9407.262695,9149.389648,9374.887695,9374.887695,18069581955
7/22/2020,9375.080078,9530.518555,9319.65332,9525.363281,9525.363281,16532254884
7/23/2020,9527.141602,9610.24707,9483.003906,9581.072266,9581.072266,18146399002
7/24/2020,9585.514648,9623.336914,9481.454102,9536.892578,9536.892578,16552768325
7/25/2020,9539.485352,9704.556641,9530.211914,9677.113281,9677.113281,16610070933
7/26/2020,9680.234375,10023.80762,9652.847656,9905.166992,9905.166992,20507998997
7/27/2020,9905.217773,11298.22168,9903.969727,10990.87305,10990.87305,35359749590
7/28/2020,11017.46387,11204.32715,10632.63184,10912.82324,10912.82324,28766551142
7/29/2020,10912.95313,11304.39746,10856.1416,11100.46777,11100.46777,24617249715
7/30/2020,11099.83301,11169.35645,10895.45508,11111.21387,11111.21387,22857247901
7/31/2020,11110.21094,11415.86426,10987.05371,11323.4668,11323.4668,23160469766
8/1/2020,11322.57031,11794.77539,11239.68262,11759.59277,11759.59277,26075670303
8/2/2020,11758.76465,12034.14453,11018.12988,11053.61426,11053.61426,27410067336
8/3/2020,11043.76856,11453.0791,11012.41504,11246.34863,11246.34863,20271713443
8/4/2020,null,null,null,null,null,null
8/5/2020,11203.82324,11786.61719,11158.28516,11747.02246,11747.02246,24411254471
8/6/2020,11749.87109,11902.33594,11598.71387,11779.77344,11779.77344,23400740340
8/7/2020,11778.89453,11898.03809,11408.59375,11601.47266,11601.47266,23132312867
8/8/2020,11604.55371,11800.06445,11558.43164,11754.0459,11754.0459,17572057837
8/9/2020,11737.3252,11806.05664,11548.78418,11675.73926,11675.73926,17489608833
8/10/2020,11662.25684,12045.14063,11662.25684,11878.11133,11878.11133,26114112569
8/11/2020,11881.64746,11932.71094,11195.70898,11410.52539,11410.52539,27039782640
8/12/2020,11404.59668,11748.39648,11249.60547,11584.93457,11584.93457,25064548486
8/13/2020,11588.40527,11796.39648,11216.87207,11784.1377,11784.1377,27522199497
8/14/2020,11772.65918,12150.99414,11685.45508,11768.87109,11768.87109,24237958589
